season,nat_exo,ui_nature,oi_used,wi,b,se_wi
Dry,Native ,0.622894737,0.399634473,0.641576256,0.38041668,0.068224288
Dry,Exotic,0.377105263,0.394049737,1.044933009,0.61958332,0.041204211
Wet,Native,0.612333333,0.71556993,1.168595422,0.929367777,0.079746398
Wet,Exotic,0.387666667,0.03443007,0.088813594,0.070632223,0.020404627
